checking_status,duration,credit_history,purpose,credit_amount,savings_status,employment,installment_commitment,personal_status,other_parties,residence_since,property_magnitude,age,other_payment_plans,housing,existing_credits,job,num_dependents,own_telephone,foreign_worker,default,y_true,y_pred
0<=X<200,18,existing paid,business,1913,>=1000,<1,3,male mar/wid,none,3,real estate,36,bank,own,1,skilled,1,yes,yes,0,0.0,0
0<=X<200,12,critical/other existing credit,used car,1860,<100,unemployed,4,male single,none,2,car,34,none,own,2,high qualif/self emp/mgmt,1,yes,yes,0,0.0,0
<0,24,delayed previously,radio/tv,1024,<100,<1,4,male mar/wid,none,4,real estate,48,stores,own,1,skilled,1,none,yes,1,1.0,1
<0,18,no credits/all paid,business,3104,<100,4<=X<7,3,male single,none,1,life insurance,31,bank,own,1,skilled,1,yes,yes,0,0.0,0
0<=X<200,27,critical/other existing credit,radio/tv,2520,500<=X<1000,1<=X<4,4,male single,none,2,life insurance,23,none,own,2,unskilled resident,1,none,yes,1,1.0,0
0<=X<200,13,critical/other existing credit,radio/tv,882,<100,<1,4,male single,guarantor,4,real estate,23,none,own,2,skilled,1,none,yes,0,0.0,0
0<=X<200,18,critical/other existing credit,furniture/equipment,3612,<100,>=7,3,female div/dep/mar,none,4,life insurance,37,none,own,1,skilled,1,yes,yes,0,0.0,0
<0,6,existing paid,used car,1352,500<=X<1000,unemployed,1,female div/dep/mar,none,2,life insurance,23,none,rent,1,unemp/unskilled non res,1,yes,yes,0,0.0,0
0<=X<200,18,existing paid,new car,6260,<100,4<=X<7,3,male single,none,3,real estate,28,none,rent,1,unskilled resident,1,none,yes,0,0.0,0
0<=X<200,11,critical/other existing credit,new car,1322,>=1000,1<=X<4,4,female div/dep/mar,none,4,car,40,none,own,2,skilled,1,none,yes,0,0.0,0
no checking,36,existing paid,radio/tv,2299,500<=X<1000,>=7,4,male single,none,4,car,39,none,own,1,skilled,1,none,yes,0,0.0,0
<0,12,critical/other existing credit,new car,4843,<100,>=7,3,male single,co applicant,4,life insurance,43,none,rent,2,skilled,1,yes,yes,1,1.0,0
no checking,4,critical/other existing credit,radio/tv,1544,<100,4<=X<7,2,male single,none,1,real estate,42,none,own,3,unskilled resident,2,none,yes,0,0.0,0
no checking,27,existing paid,new car,2570,<100,1<=X<4,3,female div/dep/mar,none,3,real estate,21,none,rent,1,skilled,1,none,yes,1,1.0,0
<0,18,critical/other existing credit,furniture/equipment,2124,<100,1<=X<4,4,female div/dep/mar,none,4,real estate,24,none,rent,2,skilled,1,none,yes,1,1.0,0
no checking,5,existing paid,business,3448,<100,4<=X<7,1,male single,none,4,real estate,74,none,own,1,unskilled resident,1,none,yes,0,0.0,0
0<=X<200,16,critical/other existing credit,new car,1175,<100,unemployed,2,male single,none,3,car,68,none,for free,3,unemp/unskilled non res,1,yes,yes,0,0.0,1
no checking,11,critical/other existing credit,radio/tv,1154,100<=X<500,unemployed,4,female div/dep/mar,none,4,real estate,57,none,own,3,unskilled resident,1,none,yes,0,0.0,0
no checking,30,critical/other existing credit,radio/tv,5954,<100,4<=X<7,3,male single,co applicant,2,car,38,none,own,1,skilled,1,none,yes,0,0.0,0
no checking,12,existing paid,radio/tv,2279,no known savings,1<=X<4,4,male single,none,4,no known property,37,none,for free,1,skilled,1,yes,yes,0,0.0,0
no checking,24,existing paid,new car,2255,no known savings,<1,4,male single,none,1,life insurance,54,none,own,1,skilled,1,none,yes,0,0.0,0
no checking,36,existing paid,radio/tv,3595,<100,>=7,4,male single,none,2,car,28,none,own,1,skilled,1,none,yes,0,0.0,0
no checking,12,critical/other existing credit,business,2292,<100,unemployed,4,male single,none,2,car,42,stores,own,2,high qualif/self emp/mgmt,1,yes,yes,1,1.0,0
<0,24,existing paid,furniture/equipment,3234,<100,<1,4,female div/dep/mar,none,4,real estate,23,none,rent,1,unskilled resident,1,yes,yes,1,1.0,1
0<=X<200,18,critical/other existing credit,radio/tv,1795,<100,>=7,3,female div/dep/mar,guarantor,4,real estate,48,bank,rent,2,unskilled resident,1,yes,yes,0,0.0,0
0<=X<200,18,existing paid,repairs,3872,<100,unemployed,2,female div/dep/mar,none,4,car,67,none,own,1,skilled,1,yes,yes,0,0.0,0
no checking,6,critical/other existing credit,radio/tv,1898,no known savings,1<=X<4,1,male single,none,2,real estate,34,none,own,2,unskilled resident,2,none,yes,0,0.0,0
>=200,6,delayed previously,radio/tv,683,<100,<1,2,female div/dep/mar,none,1,life insurance,29,bank,own,1,skilled,1,none,yes,0,0.0,1
no checking,24,critical/other existing credit,radio/tv,5103,<100,<1,3,male mar/wid,none,3,no known property,47,none,for free,3,skilled,1,yes,yes,0,0.0,0
no checking,12,critical/other existing credit,business,1412,<100,1<=X<4,4,female div/dep/mar,guarantor,2,real estate,29,none,own,2,high qualif/self emp/mgmt,1,yes,yes,0,0.0,0
no checking,6,all paid,radio/tv,1750,500<=X<1000,>=7,2,male single,none,4,life insurance,45,bank,own,1,unskilled resident,2,none,yes,0,0.0,0
0<=X<200,6,existing paid,radio/tv,1068,<100,>=7,4,male single,none,4,car,28,none,own,1,skilled,2,none,yes,0,0.0,0
no checking,12,existing paid,furniture/equipment,1768,<100,1<=X<4,3,male single,none,2,real estate,24,none,rent,1,unskilled resident,1,none,yes,0,0.0,0
0<=X<200,48,existing paid,business,15672,<100,1<=X<4,2,male single,none,2,car,23,none,own,1,skilled,1,yes,yes,1,1.0,1
no checking,36,existing paid,business,5742,100<=X<500,4<=X<7,2,male single,none,2,car,31,none,own,2,skilled,1,yes,yes,0,0.0,0
<0,24,existing paid,radio/tv,2384,<100,>=7,4,male single,none,4,real estate,64,bank,rent,1,unskilled resident,1,none,yes,0,0.0,1
<0,24,existing paid,furniture/equipment,4169,<100,1<=X<4,4,male single,none,4,life insurance,28,none,own,1,skilled,1,none,yes,0,0.0,1
<0,48,existing paid,business,4308,<100,<1,3,female div/dep/mar,none,4,life insurance,24,none,rent,1,skilled,1,none,yes,1,1.0,1
<0,6,existing paid,radio/tv,2647,500<=X<1000,1<=X<4,2,male single,none,3,real estate,44,none,rent,1,skilled,2,none,yes,0,0.0,0
<0,36,existing paid,other,15857,<100,unemployed,2,male div/sep,co applicant,3,car,43,none,own,1,high qualif/self emp/mgmt,1,none,yes,0,0.0,1
<0,15,existing paid,new car,3959,<100,1<=X<4,3,female div/dep/mar,none,2,life insurance,29,none,own,1,skilled,1,yes,yes,1,1.0,0
0<=X<200,48,existing paid,radio/tv,3060,<100,4<=X<7,4,male single,none,4,real estate,28,none,own,2,skilled,1,none,yes,1,1.0,0
0<=X<200,24,existing paid,furniture/equipment,4351,no known savings,1<=X<4,1,female div/dep/mar,none,4,life insurance,48,none,own,1,unskilled resident,1,yes,yes,0,0.0,1
no checking,60,critical/other existing credit,new car,13756,no known savings,>=7,2,male single,none,4,no known property,63,bank,for free,1,high qualif/self emp/mgmt,1,yes,yes,0,0.0,0
>=200,24,critical/other existing credit,business,1275,>=1000,1<=X<4,2,male div/sep,none,4,real estate,36,none,own,2,skilled,1,yes,yes,0,0.0,0
no checking,12,critical/other existing credit,radio/tv,522,500<=X<1000,>=7,4,male single,none,4,life insurance,42,none,own,2,skilled,2,yes,yes,0,0.0,0
<0,18,existing paid,new car,1216,<100,<1,4,female div/dep/mar,none,3,car,23,none,rent,1,skilled,1,yes,yes,1,1.0,1
0<=X<200,30,no credits/all paid,business,4280,100<=X<500,1<=X<4,4,female div/dep/mar,none,4,car,26,none,rent,2,unskilled resident,1,none,yes,1,1.0,1
<0,12,existing paid,furniture/equipment,1262,no known savings,>=7,2,male div/sep,none,4,life insurance,49,none,own,1,unskilled resident,1,yes,yes,0,0.0,0
0<=X<200,12,existing paid,radio/tv,1484,no known savings,1<=X<4,2,male mar/wid,none,1,real estate,25,none,own,1,skilled,1,yes,yes,1,1.0,0
no checking,24,existing paid,furniture/equipment,2835,500<=X<1000,>=7,3,male single,none,4,life insurance,53,none,own,1,skilled,1,none,yes,0,0.0,0
no checking,18,critical/other existing credit,radio/tv,2404,<100,1<=X<4,2,female div/dep/mar,none,2,car,26,none,own,2,skilled,1,none,yes,0,0.0,0
<0,24,critical/other existing credit,used car,6615,<100,unemployed,2,male single,none,4,no known property,75,none,for free,2,high qualif/self emp/mgmt,1,yes,yes,0,0.0,0
0<=X<200,48,existing paid,radio/tv,5951,<100,1<=X<4,2,female div/dep/mar,none,2,real estate,22,none,own,1,skilled,1,none,yes,1,1.0,1
<0,18,existing paid,furniture/equipment,1131,<100,unemployed,4,female div/dep/mar,none,2,car,33,none,own,1,skilled,1,none,yes,1,1.0,1
<0,18,existing paid,used car,7511,no known savings,>=7,1,male single,none,4,life insurance,51,none,for free,1,skilled,2,yes,yes,1,1.0,0
no checking,6,existing paid,retraining,1238,no known savings,unemployed,4,male single,none,4,life insurance,36,none,own,1,high qualif/self emp/mgmt,2,yes,yes,0,0.0,0
0<=X<200,15,critical/other existing credit,radio/tv,2728,no known savings,4<=X<7,4,male single,guarantor,2,real estate,35,bank,own,3,skilled,1,yes,yes,0,0.0,0
0<=X<200,18,delayed previously,furniture/equipment,4297,<100,>=7,4,male div/sep,none,3,no known property,40,none,own,1,high qualif/self emp/mgmt,1,yes,yes,1,1.0,1
<0,36,existing paid,furniture/equipment,5179,<100,4<=X<7,4,male single,none,2,life insurance,29,none,own,1,skilled,1,none,yes,1,1.0,1
>=200,9,existing paid,radio/tv,745,<100,1<=X<4,3,female div/dep/mar,none,2,real estate,28,none,own,1,unskilled resident,1,none,yes,1,1.0,0
<0,18,all paid,new car,1442,<100,4<=X<7,4,male single,none,4,no known property,32,none,for free,2,unskilled resident,2,none,yes,1,1.0,1
<0,30,critical/other existing credit,used car,6187,100<=X<500,4<=X<7,1,male mar/wid,none,4,car,24,none,rent,2,skilled,1,none,yes,0,0.0,0
0<=X<200,24,existing paid,other,11328,<100,1<=X<4,2,male single,co applicant,3,car,29,bank,own,2,high qualif/self emp/mgmt,1,yes,yes,1,1.0,1
no checking,12,existing paid,new car,1386,500<=X<1000,1<=X<4,2,female div/dep/mar,none,2,life insurance,26,none,own,1,skilled,1,none,yes,1,1.0,0
>=200,12,existing paid,new car,1330,<100,<1,4,male single,none,1,real estate,26,none,own,1,skilled,1,none,yes,0,0.0,1
no checking,12,critical/other existing credit,radio/tv,976,no known savings,>=7,4,male single,none,4,car,35,none,own,2,skilled,1,none,yes,0,0.0,0
no checking,6,critical/other existing credit,radio/tv,1554,<100,4<=X<7,1,female div/dep/mar,none,2,car,24,none,rent,2,skilled,1,yes,yes,0,0.0,0
0<=X<200,48,no credits/all paid,other,18424,<100,1<=X<4,1,female div/dep/mar,none,2,life insurance,32,bank,own,1,high qualif/self emp/mgmt,1,yes,no,1,1.0,1
0<=X<200,36,existing paid,radio/tv,4795,<100,<1,4,female div/dep/mar,none,1,no known property,30,none,own,1,high qualif/self emp/mgmt,1,yes,yes,0,0.0,1
0<=X<200,6,existing paid,new car,14555,no known savings,unemployed,1,male single,none,2,life insurance,23,none,own,1,unemp/unskilled non res,1,yes,yes,1,1.0,1
<0,15,existing paid,furniture/equipment,1845,<100,<1,4,female div/dep/mar,guarantor,1,life insurance,46,none,rent,1,skilled,1,none,yes,0,0.0,0
no checking,24,critical/other existing credit,repairs,2058,<100,1<=X<4,4,male div/sep,none,2,real estate,33,none,own,2,skilled,1,yes,yes,0,0.0,0
0<=X<200,12,existing paid,retraining,754,no known savings,>=7,4,male single,none,4,life insurance,38,none,own,2,skilled,1,none,yes,0,0.0,0
0<=X<200,9,existing paid,radio/tv,1670,<100,<1,4,female div/dep/mar,none,2,car,22,none,own,1,skilled,1,yes,yes,1,1.0,0
>=200,15,critical/other existing credit,used car,2360,500<=X<1000,1<=X<4,2,male single,none,2,car,36,none,own,1,skilled,1,yes,yes,0,0.0,0
0<=X<200,9,existing paid,new car,1549,no known savings,<1,4,male single,none,2,real estate,35,none,own,1,unemp/unskilled non res,1,none,yes,0,0.0,0
no checking,9,existing paid,radio/tv,1478,<100,4<=X<7,4,male single,none,2,car,22,none,own,1,skilled,1,none,yes,1,1.0,0
<0,24,existing paid,radio/tv,1823,<100,unemployed,4,male single,none,2,car,30,stores,own,1,high qualif/self emp/mgmt,2,none,yes,1,1.0,1
no checking,18,existing paid,radio/tv,2051,<100,<1,4,male single,none,1,real estate,33,none,own,1,skilled,1,none,yes,0,0.0,0
<0,36,existing paid,radio/tv,2302,<100,1<=X<4,4,male div/sep,none,4,car,31,none,rent,1,skilled,1,none,yes,1,1.0,1
no checking,15,delayed previously,radio/tv,1478,<100,1<=X<4,4,male mar/wid,none,3,real estate,33,bank,own,2,skilled,1,none,yes,0,0.0,0
0<=X<200,36,delayed previously,new car,8086,100<=X<500,>=7,2,male single,none,4,car,42,none,own,4,high qualif/self emp/mgmt,1,yes,yes,1,1.0,0
no checking,12,delayed previously,used car,1503,<100,1<=X<4,4,male mar/wid,none,4,real estate,41,none,rent,1,skilled,1,none,yes,0,0.0,0
no checking,12,existing paid,furniture/equipment,763,<100,1<=X<4,4,female div/dep/mar,none,1,real estate,26,none,own,1,skilled,1,yes,yes,0,0.0,0
no checking,24,critical/other existing credit,other,6314,<100,unemployed,4,male single,co applicant,2,no known property,27,bank,own,2,high qualif/self emp/mgmt,1,yes,yes,0,0.0,1
0<=X<200,18,existing paid,radio/tv,1113,<100,1<=X<4,4,female div/dep/mar,guarantor,4,real estate,26,none,own,1,unskilled resident,2,none,yes,0,0.0,0
no checking,6,critical/other existing credit,new car,362,100<=X<500,1<=X<4,4,female div/dep/mar,none,4,car,52,none,own,2,unskilled resident,1,none,yes,0,0.0,0
<0,12,all paid,radio/tv,626,<100,1<=X<4,4,female div/dep/mar,none,4,real estate,24,bank,own,1,unskilled resident,1,none,yes,1,1.0,0
no checking,24,delayed previously,new car,2032,<100,>=7,4,male single,none,4,no known property,60,none,for free,2,skilled,1,yes,yes,0,0.0,1
0<=X<200,60,existing paid,education,6288,<100,1<=X<4,4,male single,none,4,no known property,42,none,for free,1,skilled,1,none,yes,1,1.0,1
<0,15,existing paid,domestic appliance,1275,no known savings,1<=X<4,4,female div/dep/mar,none,2,car,24,none,rent,1,skilled,1,none,yes,1,1.0,1
0<=X<200,6,delayed previously,furniture/equipment,1050,<100,unemployed,4,male single,none,1,life insurance,35,stores,own,2,high qualif/self emp/mgmt,1,yes,yes,0,0.0,0
no checking,36,delayed previously,new car,10875,<100,>=7,2,male single,none,2,car,45,none,own,2,skilled,2,yes,yes,0,0.0,0
0<=X<200,8,existing paid,furniture/equipment,1237,<100,1<=X<4,3,female div/dep/mar,none,4,real estate,24,none,own,1,skilled,1,none,yes,1,1.0,0
no checking,21,existing paid,furniture/equipment,2241,<100,>=7,4,male single,none,2,real estate,50,none,own,2,skilled,1,none,yes,0,0.0,0
<0,45,no credits/all paid,business,11816,<100,>=7,2,male single,none,4,car,29,none,rent,2,skilled,1,none,yes,1,1.0,1
0<=X<200,27,existing paid,business,3915,<100,1<=X<4,4,male single,none,2,car,36,none,own,1,skilled,2,yes,yes,1,1.0,0
0<=X<200,12,existing paid,new car,7472,no known savings,unemployed,1,female div/dep/mar,none,2,real estate,24,none,rent,1,unemp/unskilled non res,1,none,yes,0,0.0,0
>=200,18,all paid,radio/tv,1445,no known savings,4<=X<7,4,male single,none,4,car,49,bank,own,1,unskilled resident,1,none,yes,0,0.0,0
no checking,48,critical/other existing credit,radio/tv,3578,no known savings,>=7,4,male single,none,1,real estate,47,none,own,1,skilled,1,yes,yes,0,0.0,0
no checking,10,critical/other existing credit,furniture/equipment,2146,<100,<1,1,female div/dep/mar,none,3,real estate,23,none,rent,2,skilled,1,none,yes,0,0.0,0
no checking,10,existing paid,retraining,894,no known savings,4<=X<7,4,female div/dep/mar,none,3,life insurance,40,none,own,1,skilled,1,yes,yes,0,0.0,0
no checking,18,existing paid,furniture/equipment,3422,<100,>=7,4,male single,none,4,life insurance,47,bank,own,3,skilled,2,yes,yes,0,0.0,0
no checking,30,critical/other existing credit,used car,7596,no known savings,>=7,1,male single,none,4,car,63,none,own,2,skilled,1,none,yes,0,0.0,0
<0,24,existing paid,other,1755,<100,>=7,4,female div/dep/mar,guarantor,4,real estate,58,none,own,1,unskilled resident,1,yes,yes,0,0.0,0
0<=X<200,21,existing paid,furniture/equipment,3976,no known savings,4<=X<7,2,male single,none,3,car,35,none,own,1,skilled,1,yes,yes,0,0.0,0
0<=X<200,9,existing paid,radio/tv,2118,<100,1<=X<4,2,male single,none,2,real estate,37,none,own,1,unskilled resident,2,none,yes,0,0.0,0
>=200,10,existing paid,domestic appliance,1225,<100,1<=X<4,2,male single,none,2,car,37,none,own,1,skilled,1,yes,yes,0,0.0,0
no checking,18,critical/other existing credit,new car,2775,<100,4<=X<7,2,male single,none,2,life insurance,31,bank,own,2,skilled,1,none,yes,1,1.0,0
no checking,48,critical/other existing credit,new car,10127,500<=X<1000,1<=X<4,2,male single,none,2,no known property,44,bank,for free,1,skilled,1,none,yes,1,1.0,0
no checking,24,existing paid,business,4591,>=1000,1<=X<4,2,male single,none,3,life insurance,54,none,own,3,high qualif/self emp/mgmt,1,yes,yes,1,1.0,0
0<=X<200,30,no credits/all paid,business,4221,<100,1<=X<4,2,female div/dep/mar,none,1,car,28,none,own,2,skilled,1,none,yes,0,0.0,1
no checking,10,existing paid,new car,1364,<100,1<=X<4,2,female div/dep/mar,none,4,car,64,none,own,1,skilled,1,yes,yes,0,0.0,0
no checking,18,existing paid,radio/tv,1505,<100,1<=X<4,4,male single,none,2,no known property,32,none,for free,1,high qualif/self emp/mgmt,1,yes,yes,0,0.0,0
<0,12,no credits/all paid,repairs,1108,<100,4<=X<7,4,male single,none,3,real estate,28,none,own,2,skilled,1,none,yes,1,1.0,0
0<=X<200,45,existing paid,radio/tv,3031,100<=X<500,1<=X<4,4,male single,guarantor,4,life insurance,21,none,rent,1,skilled,1,none,yes,1,1.0,0
no checking,18,existing paid,furniture/equipment,1984,<100,1<=X<4,4,male single,none,4,no known property,47,bank,for free,2,skilled,1,none,yes,0,0.0,1
no checking,24,existing paid,used car,2679,<100,<1,4,female div/dep/mar,none,1,no known property,29,none,own,1,high qualif/self emp/mgmt,1,yes,yes,0,0.0,0
>=200,6,critical/other existing credit,education,1047,<100,1<=X<4,2,female div/dep/mar,none,4,life insurance,50,none,own,1,unskilled resident,1,none,yes,0,0.0,0
>=200,24,existing paid,furniture/equipment,2892,<100,>=7,3,male div/sep,none,4,no known property,51,none,for free,1,skilled,1,none,yes,0,0.0,1
<0,12,critical/other existing credit,new car,3499,<100,1<=X<4,3,female div/dep/mar,co applicant,2,real estate,29,none,own,2,skilled,1,none,yes,1,1.0,0
<0,27,existing paid,radio/tv,3416,<100,1<=X<4,3,male single,none,2,car,27,none,own,1,high qualif/self emp/mgmt,1,none,yes,0,0.0,1
no checking,48,existing paid,radio/tv,10222,no known savings,4<=X<7,4,male single,none,3,car,37,stores,own,1,skilled,1,yes,yes,0,0.0,0
>=200,24,existing paid,radio/tv,5152,<100,4<=X<7,4,male single,none,2,car,25,bank,own,1,skilled,1,none,yes,0,0.0,0
0<=X<200,6,existing paid,radio/tv,590,<100,<1,3,male mar/wid,none,3,real estate,26,none,own,1,unskilled resident,1,none,no,0,0.0,0
no checking,18,critical/other existing credit,radio/tv,1800,<100,1<=X<4,4,male single,none,2,car,24,none,own,2,skilled,1,none,yes,0,0.0,0
0<=X<200,21,critical/other existing credit,business,3652,<100,4<=X<7,2,male single,none,3,life insurance,27,none,own,2,skilled,1,none,yes,0,0.0,0
0<=X<200,24,existing paid,radio/tv,3758,500<=X<1000,unemployed,1,female div/dep/mar,none,4,no known property,23,none,rent,1,unemp/unskilled non res,1,none,yes,0,0.0,0
<0,12,all paid,radio/tv,2149,<100,1<=X<4,4,male div/sep,none,1,no known property,29,none,for free,1,skilled,1,none,yes,1,1.0,0
no checking,36,existing paid,used car,8133,<100,1<=X<4,1,female div/dep/mar,none,2,life insurance,30,bank,own,1,skilled,1,none,yes,0,0.0,1
0<=X<200,18,delayed previously,new car,2899,no known savings,>=7,4,male single,none,4,car,43,none,own,1,skilled,2,none,yes,0,0.0,0
0<=X<200,39,delayed previously,education,11760,100<=X<500,4<=X<7,2,male single,none,3,no known property,32,none,rent,1,skilled,1,yes,yes,0,0.0,0
<0,12,existing paid,education,1200,no known savings,1<=X<4,4,female div/dep/mar,none,4,life insurance,23,bank,rent,1,skilled,1,yes,yes,0,0.0,1
<0,24,all paid,other,1358,no known savings,>=7,4,male single,none,3,car,40,stores,own,1,high qualif/self emp/mgmt,1,yes,yes,1,1.0,1
<0,18,existing paid,new car,976,<100,<1,1,female div/dep/mar,none,2,car,23,none,own,1,unskilled resident,1,none,yes,1,1.0,1
no checking,24,existing paid,furniture/equipment,3062,500<=X<1000,>=7,4,male single,none,3,no known property,32,none,rent,1,skilled,1,yes,yes,0,0.0,0
no checking,24,critical/other existing credit,education,1597,<100,>=7,4,male single,none,4,no known property,54,none,for free,2,skilled,2,none,yes,0,0.0,0
<0,20,critical/other existing credit,furniture/equipment,4272,<100,>=7,1,female div/dep/mar,none,4,life insurance,24,none,own,2,skilled,1,none,yes,0,0.0,1
<0,12,existing paid,furniture/equipment,1289,<100,1<=X<4,4,male single,guarantor,1,life insurance,21,none,own,1,unskilled resident,1,none,yes,0,0.0,0
<0,24,existing paid,used car,2924,<100,1<=X<4,3,male single,guarantor,4,no known property,63,bank,own,1,skilled,2,yes,yes,0,0.0,0
no checking,36,existing paid,furniture/equipment,10974,<100,unemployed,4,female div/dep/mar,none,2,car,26,none,own,2,high qualif/self emp/mgmt,1,yes,yes,1,1.0,1
no checking,21,critical/other existing credit,used car,3275,<100,>=7,1,male single,none,4,car,36,none,own,1,high qualif/self emp/mgmt,1,yes,yes,0,0.0,0
<0,27,critical/other existing credit,business,2442,<100,>=7,4,male single,none,4,car,43,stores,own,4,high qualif/self emp/mgmt,2,yes,yes,0,0.0,0
0<=X<200,15,existing paid,repairs,2631,100<=X<500,1<=X<4,3,female div/dep/mar,none,2,real estate,25,none,own,1,unskilled resident,1,none,yes,0,0.0,0
<0,12,existing paid,new car,759,<100,4<=X<7,4,male single,none,2,real estate,26,none,own,1,skilled,1,none,yes,1,1.0,1
no checking,12,critical/other existing credit,new car,1255,<100,>=7,4,male single,none,4,real estate,61,none,own,2,unskilled resident,1,none,yes,0,0.0,0
no checking,24,existing paid,used car,3488,100<=X<500,4<=X<7,3,female div/dep/mar,none,4,car,23,none,own,1,skilled,1,none,yes,0,0.0,0
no checking,24,existing paid,used car,6313,no known savings,>=7,3,male single,none,4,car,41,none,own,1,high qualif/self emp/mgmt,2,yes,yes,0,0.0,0
0<=X<200,6,delayed previously,new car,1209,<100,unemployed,4,male single,none,4,life insurance,47,none,own,1,high qualif/self emp/mgmt,1,yes,yes,1,1.0,0
no checking,10,existing paid,new car,1546,<100,1<=X<4,3,male single,none,2,real estate,31,none,own,1,unskilled resident,2,none,no,0,0.0,0
no checking,12,existing paid,new car,2859,no known savings,unemployed,4,male single,none,4,no known property,38,none,own,1,high qualif/self emp/mgmt,1,yes,yes,0,0.0,0
0<=X<200,12,existing paid,radio/tv,625,<100,<1,4,male mar/wid,guarantor,1,real estate,26,bank,own,1,unskilled resident,1,none,yes,0,0.0,0
0<=X<200,12,existing paid,radio/tv,1103,<100,4<=X<7,4,male single,guarantor,3,real estate,29,none,own,2,skilled,1,none,no,0,0.0,0
<0,15,existing paid,new car,2511,<100,unemployed,1,female div/dep/mar,none,4,car,23,none,rent,1,skilled,1,none,yes,0,0.0,0
0<=X<200,12,existing paid,new car,6078,<100,4<=X<7,2,male single,none,2,car,32,none,own,1,skilled,1,none,yes,0,0.0,0
<0,30,existing paid,used car,3857,<100,1<=X<4,4,male div/sep,none,4,life insurance,40,none,own,1,high qualif/self emp/mgmt,1,yes,yes,0,0.0,1
no checking,48,delayed previously,radio/tv,12749,500<=X<1000,4<=X<7,4,male single,none,1,car,37,none,own,1,high qualif/self emp/mgmt,1,yes,yes,0,0.0,0
no checking,12,critical/other existing credit,education,2748,<100,>=7,2,female div/dep/mar,none,4,no known property,57,bank,for free,3,unskilled resident,1,none,yes,0,0.0,0
<0,24,critical/other existing credit,new car,1199,<100,>=7,4,male single,none,4,car,60,none,own,2,unskilled resident,1,none,yes,1,1.0,0
<0,48,all paid,business,7685,<100,4<=X<7,2,female div/dep/mar,guarantor,4,car,37,none,rent,1,skilled,1,none,yes,1,1.0,0
no checking,30,critical/other existing credit,radio/tv,2831,<100,1<=X<4,4,female div/dep/mar,none,2,car,33,none,own,1,skilled,1,yes,yes,0,0.0,0
<0,45,existing paid,radio/tv,1845,<100,1<=X<4,4,male single,none,4,no known property,23,none,for free,1,skilled,1,yes,yes,1,1.0,1
no checking,15,critical/other existing credit,furniture/equipment,1520,no known savings,>=7,4,male single,none,4,life insurance,63,none,own,1,skilled,1,none,yes,0,0.0,0
no checking,60,existing paid,radio/tv,10144,100<=X<500,4<=X<7,2,female div/dep/mar,none,4,real estate,21,none,own,1,skilled,1,yes,yes,0,0.0,0
no checking,54,no credits/all paid,used car,9436,no known savings,1<=X<4,2,male single,none,2,life insurance,39,none,own,1,unskilled resident,2,none,yes,0,0.0,0
0<=X<200,13,existing paid,radio/tv,2101,<100,<1,2,female div/dep/mar,guarantor,4,life insurance,23,none,own,1,unskilled resident,1,none,yes,0,0.0,0
<0,12,no credits/all paid,radio/tv,6199,<100,1<=X<4,4,male single,none,2,life insurance,28,none,rent,2,skilled,1,yes,yes,1,1.0,0
<0,21,all paid,new car,1647,no known savings,1<=X<4,4,male single,none,2,life insurance,40,none,own,2,unskilled resident,2,none,yes,1,1.0,0
no checking,10,existing paid,new car,1287,no known savings,>=7,4,male single,co applicant,2,life insurance,45,none,own,1,unskilled resident,1,none,no,0,0.0,0
0<=X<200,36,existing paid,new car,12389,no known savings,1<=X<4,1,male single,none,4,no known property,37,none,for free,1,skilled,1,yes,yes,1,1.0,0
no checking,24,existing paid,radio/tv,3105,no known savings,<1,4,male single,none,2,car,25,none,own,2,skilled,1,none,yes,0,0.0,0
0<=X<200,11,existing paid,furniture/equipment,1577,>=1000,<1,4,female div/dep/mar,none,1,real estate,20,none,own,1,skilled,1,none,yes,0,0.0,0
no checking,12,critical/other existing credit,education,2096,<100,4<=X<7,2,male single,none,3,real estate,49,none,own,1,unskilled resident,2,none,yes,0,0.0,0
0<=X<200,7,existing paid,radio/tv,2415,<100,1<=X<4,3,male single,guarantor,2,real estate,34,none,own,1,skilled,1,none,yes,0,0.0,0
<0,36,existing paid,furniture/equipment,3959,<100,unemployed,4,male single,none,3,life insurance,30,none,own,1,high qualif/self emp/mgmt,1,yes,yes,0,0.0,1
no checking,24,critical/other existing credit,used car,5804,>=1000,1<=X<4,4,male single,none,2,real estate,27,none,own,2,skilled,1,none,yes,0,0.0,0
no checking,12,existing paid,radio/tv,1963,<100,4<=X<7,4,male single,none,2,car,31,none,rent,2,high qualif/self emp/mgmt,2,yes,yes,0,0.0,0
0<=X<200,48,delayed previously,education,6224,<100,>=7,4,male single,none,4,no known property,50,none,for free,1,skilled,1,none,yes,1,1.0,1
>=200,42,critical/other existing credit,used car,4796,<100,>=7,4,male single,none,4,no known property,56,none,for free,1,skilled,1,none,yes,0,0.0,1
no checking,12,existing paid,used car,4675,no known savings,<1,1,female div/dep/mar,none,4,car,20,none,rent,1,skilled,1,none,yes,0,0.0,0
<0,24,existing paid,radio/tv,1603,<100,>=7,4,female div/dep/mar,none,4,car,55,none,own,1,skilled,1,none,yes,0,0.0,1
>=200,15,existing paid,education,1905,<100,>=7,4,male single,none,4,car,40,none,rent,1,high qualif/self emp/mgmt,1,yes,yes,0,0.0,0
<0,24,existing paid,furniture/equipment,3149,<100,<1,4,male single,none,1,no known property,22,bank,for free,1,skilled,1,none,yes,0,0.0,1
<0,18,existing paid,radio/tv,1936,no known savings,4<=X<7,2,male mar/wid,none,4,car,23,none,rent,2,unskilled resident,1,none,yes,0,0.0,0
<0,6,existing paid,new car,14896,<100,>=7,1,male single,none,4,no known property,68,bank,own,1,high qualif/self emp/mgmt,1,yes,yes,1,1.0,1
0<=X<200,72,existing paid,radio/tv,5595,100<=X<500,1<=X<4,2,male mar/wid,none,2,car,24,none,own,1,skilled,1,none,yes,1,1.0,1
no checking,6,critical/other existing credit,new car,250,>=1000,1<=X<4,2,female div/dep/mar,none,2,real estate,41,bank,own,2,unskilled resident,1,none,yes,0,0.0,0
<0,9,existing paid,radio/tv,1364,<100,4<=X<7,3,male single,none,4,real estate,59,none,own,1,skilled,1,none,yes,0,0.0,0
no checking,21,existing paid,radio/tv,3160,no known savings,>=7,4,male single,none,3,life insurance,41,none,own,1,skilled,1,yes,yes,0,0.0,0
no checking,24,existing paid,radio/tv,3181,<100,<1,4,female div/dep/mar,none,4,life insurance,26,none,own,1,skilled,1,yes,yes,0,0.0,0
0<=X<200,24,existing paid,new car,1246,<100,<1,4,male single,none,2,real estate,23,stores,own,1,unskilled resident,1,none,yes,1,1.0,1
<0,10,critical/other existing credit,new car,2241,<100,<1,1,male single,none,3,real estate,48,none,rent,2,unskilled resident,2,none,no,0,0.0,0
no checking,24,existing paid,retraining,937,<100,<1,4,male mar/wid,none,3,car,27,none,own,2,unskilled resident,1,none,yes,0,0.0,0
no checking,12,critical/other existing credit,education,2012,no known savings,4<=X<7,4,female div/dep/mar,none,2,car,61,none,own,1,skilled,1,none,yes,0,0.0,0
<0,48,no credits/all paid,furniture/equipment,7119,<100,1<=X<4,3,male single,none,4,no known property,53,none,for free,2,skilled,2,none,yes,1,1.0,1
0<=X<200,18,delayed previously,business,2427,no known savings,>=7,4,male single,none,2,life insurance,42,none,own,2,skilled,1,none,yes,0,0.0,0
no checking,12,existing paid,radio/tv,1262,<100,1<=X<4,3,male single,none,2,car,25,none,own,1,skilled,1,none,yes,0,0.0,0
<0,30,existing paid,furniture/equipment,6350,no known savings,>=7,4,male single,none,4,life insurance,31,none,own,1,skilled,1,none,yes,1,1.0,0
no checking,21,delayed previously,furniture/equipment,1591,100<=X<500,4<=X<7,4,male single,none,3,real estate,34,none,own,2,high qualif/self emp/mgmt,1,none,yes,0,0.0,0
